,date
2018-01-01,0
2018-01-02,1
2018-01-03,2
2018-01-04,3
2018-01-05,4
2018-01-06,5
2018-01-07,6
2018-01-08,7
2018-01-09,8
2018-01-10,9
2018-01-11,10
2018-01-12,11
2018-01-13,12
2018-01-14,13
2018-01-15,14
2018-01-16,15
2018-01-17,16
2018-01-18,17
2018-01-19,18
2018-01-20,19
2018-01-21,20
2018-01-22,21
2018-01-23,22
2018-01-24,23
2018-01-25,24
2018-01-26,25
2018-01-27,26
2018-01-28,27
2018-01-29,28
2018-01-30,29
2018-01-31,30
2018-02-01,31
2018-02-02,32
2018-02-03,33
2018-02-04,34
2018-02-05,35
2018-02-06,36
2018-02-07,37
2018-02-08,38
2018-02-09,39
2018-02-10,40
2018-02-11,41
2018-02-12,42
2018-02-13,43
2018-02-14,44
2018-02-15,45
2018-02-16,46
2018-02-17,47
2018-02-18,48
2018-02-19,49
2018-02-20,50
2018-02-21,51
2018-02-22,52
2018-02-23,53
2018-02-24,54
2018-02-25,55
2018-02-26,56
2018-02-27,57
2018-02-28,58
2018-03-01,59
2018-03-02,60
2018-03-03,61
2018-03-04,62
2018-03-05,63
2018-03-06,64
2018-03-07,65
2018-03-08,66
2018-03-09,67
2018-03-10,68
2018-03-11,69
2018-03-12,70
2018-03-13,71
2018-03-14,72
2018-03-15,73
2018-03-16,74
2018-03-17,75
2018-03-18,76
2018-03-19,77
2018-03-20,78
2018-03-21,79
2018-03-22,80
2018-03-23,81
2018-03-24,82
2018-03-25,83
2018-03-26,84
2018-03-27,85
2018-03-28,86
2018-03-29,87
2018-03-30,88
2018-03-31,89
2018-04-01,90
2018-04-02,91
2018-04-03,92
2018-04-04,93
2018-04-05,94
2018-04-06,95
2018-04-07,96
2018-04-08,97
2018-04-09,98
2018-04-10,99
2018-04-11,100
2018-04-12,101
2018-04-13,102
2018-04-14,103
2018-04-15,104
2018-04-16,105
2018-04-17,106
2018-04-18,107
2018-04-19,108
2018-04-20,109
2018-04-21,110
2018-04-22,111
2018-04-23,112
2018-04-24,113
2018-04-25,114
2018-04-26,115
2018-04-27,116
2018-04-28,117
2018-04-29,118
2018-04-30,119
2018-05-01,120
2018-05-02,121
2018-05-03,122
2018-05-04,123
2018-05-05,124
2018-05-06,125
2018-05-07,126
2018-05-08,127
2018-05-09,128
2018-05-10,129
2018-05-11,130
2018-05-12,131
2018-05-13,132
2018-05-14,133
2018-05-15,134
2018-05-16,135
2018-05-17,136
2018-05-18,137
2018-05-19,138
2018-05-20,139
2018-05-21,140
2018-05-22,141
2018-05-23,142
2018-05-24,143
2018-05-25,144
2018-05-26,145
2018-05-27,146
2018-05-28,147
2018-05-29,148
2018-05-30,149
2018-05-31,150
2018-06-01,151
2018-06-02,152
2018-06-03,153
2018-06-04,154
2018-06-05,155
2018-06-06,156
2018-06-07,157
2018-06-08,158
2018-06-09,159
2018-06-10,160
2018-06-11,161
2018-06-12,162
2018-06-13,163
2018-06-14,164
2018-06-15,165
2018-06-16,166
2018-06-17,167
2018-06-18,168
2018-06-19,169
2018-06-20,170
2018-06-21,171
2018-06-22,172
2018-06-23,173
2018-06-24,174
2018-06-25,175
2018-06-26,176
2018-06-27,177
2018-06-28,178
2018-06-29,179
2018-06-30,180
2018-07-01,181
2018-07-02,182
2018-07-03,183
2018-07-04,184
2018-07-05,185
2018-07-06,186
2018-07-07,187
2018-07-08,188
2018-07-09,189
2018-07-10,190
2018-07-11,191
2018-07-12,192
2018-07-13,193
2018-07-14,194
2018-07-15,195
2018-07-16,196
2018-07-17,197
2018-07-18,198
2018-07-19,199
2018-07-20,200
2018-07-21,201
2018-07-22,202
2018-07-23,203
2018-07-24,204
2018-07-25,205
2018-07-26,206
2018-07-27,207
2018-07-28,208
2018-07-29,209
2018-07-30,210
2018-07-31,211
2018-08-01,212
2018-08-02,213
2018-08-03,214
2018-08-04,215
2018-08-05,216
2018-08-06,217
2018-08-07,218
2018-08-08,219
2018-08-09,220
2018-08-10,221
2018-08-11,222
2018-08-12,223
2018-08-13,224
2018-08-14,225
2018-08-15,226
2018-08-16,227
2018-08-17,228
2018-08-18,229
2018-08-19,230
2018-08-20,231
2018-08-21,232
2018-08-22,233
2018-08-23,234
2018-08-24,235
2018-08-25,236
2018-08-26,237
2018-08-27,238
2018-08-28,239
2018-08-29,240
2018-08-30,241
2018-08-31,242
2018-09-01,243
2018-09-02,244
2018-09-03,245
2018-09-04,246
2018-09-05,247
2018-09-06,248
2018-09-07,249
2018-09-08,250
2018-09-09,251
2018-09-10,252
2018-09-11,253
2018-09-12,254
2018-09-13,255
2018-09-14,256
2018-09-15,257
2018-09-16,258
2018-09-17,259
2018-09-18,260
2018-09-19,261
2018-09-20,262
2018-09-21,263
2018-09-22,264
2018-09-23,265
2018-09-24,266
2018-09-25,267
2018-09-26,268
2018-09-27,269
2018-09-28,270
2018-09-29,271
2018-09-30,272
2018-10-01,273
2018-10-02,274
2018-10-03,275
2018-10-04,276
2018-10-05,277
2018-10-06,278
2018-10-07,279
2018-10-08,280
2018-10-09,281
2018-10-10,282
2018-10-11,283
2018-10-12,284
2018-10-13,285
2018-10-14,286
2018-10-15,287
2018-10-16,288
2018-10-17,289
2018-10-18,290
2018-10-19,291
2018-10-20,292
2018-10-21,293
2018-10-22,294
2018-10-23,295
2018-10-24,296
2018-10-25,297
2018-10-26,298
2018-10-27,299
2018-10-28,300
2018-10-29,301
2018-10-30,302
2018-10-31,303
2018-11-01,304
2018-11-02,305
2018-11-03,306
2018-11-04,307
2018-11-05,308
2018-11-06,309
2018-11-07,310
2018-11-08,311
2018-11-09,312
2018-11-10,313
2018-11-11,314
2018-11-12,315
2018-11-13,316
2018-11-14,317
2018-11-15,318
2018-11-16,319
2018-11-17,320
2018-11-18,321
2018-11-19,322
2018-11-20,323
2018-11-21,324
2018-11-22,325
2018-11-23,326
2018-11-24,327
2018-11-25,328
2018-11-26,329
2018-11-27,330
2018-11-28,331
2018-11-29,332
2018-11-30,333
2018-12-01,334
2018-12-02,335
2018-12-03,336
2018-12-04,337
2018-12-05,338
2018-12-06,339
2018-12-07,340
2018-12-08,341
2018-12-09,342
2018-12-10,343
2018-12-11,344
2018-12-12,345
2018-12-13,346
2018-12-14,347
2018-12-15,348
2018-12-16,349
2018-12-17,350
2018-12-18,351
2018-12-19,352
2018-12-20,353
2018-12-21,354
2018-12-22,355
2018-12-23,356
2018-12-24,357
2018-12-25,358
2018-12-26,359
2018-12-27,360
2018-12-28,361
2018-12-29,362
2018-12-30,363
2018-12-31,364
2019-01-01,365
2019-01-02,366
2019-01-03,367
2019-01-04,368
2019-01-05,369
2019-01-06,370
2019-01-07,371
2019-01-08,372
2019-01-09,373
2019-01-10,374
2019-01-11,375
2019-01-12,376
2019-01-13,377
2019-01-14,378
2019-01-15,379
2019-01-16,380
2019-01-17,381
2019-01-18,382
2019-01-19,383
2019-01-20,384
2019-01-21,385
2019-01-22,386
2019-01-23,387
2019-01-24,388
2019-01-25,389
2019-01-26,390
2019-01-27,391
2019-01-28,392
2019-01-29,393
2019-01-30,394
2019-01-31,395
2019-02-01,396
2019-02-02,397
2019-02-03,398
2019-02-04,399
2019-02-05,400
2019-02-06,401
2019-02-07,402
2019-02-08,403
2019-02-09,404
2019-02-10,405
2019-02-11,406
2019-02-12,407
2019-02-13,408
2019-02-14,409
2019-02-15,410
2019-02-16,411
2019-02-17,412
2019-02-18,413
2019-02-19,414
2019-02-20,415
2019-02-21,416
2019-02-22,417
2019-02-23,418
2019-02-24,419
2019-02-25,420
2019-02-26,421
2019-02-27,422
2019-02-28,423
2019-03-01,424
2019-03-02,425
2019-03-03,426
2019-03-04,427
2019-03-05,428
2019-03-06,429
2019-03-07,430
2019-03-08,431
2019-03-09,432
2019-03-10,433
2019-03-11,434
2019-03-12,435
2019-03-13,436
2019-03-14,437
2019-03-15,438
2019-03-16,439
2019-03-17,440
2019-03-18,441
2019-03-19,442
2019-03-20,443
2019-03-21,444
2019-03-22,445
2019-03-23,446
2019-03-24,447
2019-03-25,448
2019-03-26,449
2019-03-27,450
2019-03-28,451
2019-03-29,452
2019-03-30,453
2019-03-31,454
2019-04-01,455
2019-04-02,456
2019-04-03,457
2019-04-04,458
2019-04-05,459
2019-04-06,460
2019-04-07,461
2019-04-08,462
2019-04-09,463
2019-04-10,464
2019-04-11,465
2019-04-12,466
2019-04-13,467
2019-04-14,468
2019-04-15,469
2019-04-16,470
2019-04-17,471
2019-04-18,472
2019-04-19,473
2019-04-20,474
2019-04-21,475
2019-04-22,476
2019-04-23,477
2019-04-24,478
2019-04-25,479
2019-04-26,480
2019-04-27,481
2019-04-28,482
2019-04-29,483
2019-04-30,484
2019-05-01,485
2019-05-02,486
2019-05-03,487
2019-05-04,488
2019-05-05,489
2019-05-06,490
2019-05-07,491
2019-05-08,492
2019-05-09,493
2019-05-10,494
2019-05-11,495
2019-05-12,496
2019-05-13,497
2019-05-14,498
2019-05-15,499
2019-05-16,500
2019-05-17,501
2019-05-18,502
2019-05-19,503
2019-05-20,504
2019-05-21,505
2019-05-22,506
2019-05-23,507
2019-05-24,508
2019-05-25,509
2019-05-26,510
2019-05-27,511
2019-05-28,512
2019-05-29,513
2019-05-30,514
2019-05-31,515
2019-06-01,516
2019-06-02,517
2019-06-03,518
2019-06-04,519
2019-06-05,520
2019-06-06,521
2019-06-07,522
2019-06-08,523
2019-06-09,524
2019-06-10,525
2019-06-11,526
2019-06-12,527
2019-06-13,528
2019-06-14,529
2019-06-15,530
2019-06-16,531
2019-06-17,532
2019-06-18,533
2019-06-19,534
2019-06-20,535
2019-06-21,536
2019-06-22,537
2019-06-23,538
2019-06-24,539
2019-06-25,540
2019-06-26,541
2019-06-27,542
2019-06-28,543
2019-06-29,544
2019-06-30,545
2019-07-01,546
2019-07-02,547
2019-07-03,548
2019-07-04,549
2019-07-05,550
2019-07-06,551
2019-07-07,552
2019-07-08,553
2019-07-09,554
2019-07-10,555
2019-07-11,556
2019-07-12,557
2019-07-13,558
2019-07-14,559
2019-07-15,560
2019-07-16,561
2019-07-17,562
2019-07-18,563
2019-07-19,564
2019-07-20,565
2019-07-21,566
2019-07-22,567
2019-07-23,568
2019-07-24,569
2019-07-25,570
2019-07-26,571
2019-07-27,572
2019-07-28,573
2019-07-29,574
2019-07-30,575
2019-07-31,576
2019-08-01,577
2019-08-02,578
2019-08-03,579
2019-08-04,580
2019-08-05,581
2019-08-06,582
2019-08-07,583
2019-08-08,584
2019-08-09,585
2019-08-10,586
2019-08-11,587
2019-08-12,588
2019-08-13,589
2019-08-14,590
2019-08-15,591
2019-08-16,592
2019-08-17,593
2019-08-18,594
2019-08-19,595
2019-08-20,596
2019-08-21,597
2019-08-22,598
2019-08-23,599
2019-08-24,600
2019-08-25,601
2019-08-26,602
2019-08-27,603
2019-08-28,604
2019-08-29,605
2019-08-30,606
2019-08-31,607
2019-09-01,608
2019-09-02,609
2019-09-03,610
2019-09-04,611
2019-09-05,612
2019-09-06,613
2019-09-07,614
2019-09-08,615
2019-09-09,616
2019-09-10,617
2019-09-11,618
2019-09-12,619
2019-09-13,620
2019-09-14,621
2019-09-15,622
2019-09-16,623
2019-09-17,624
2019-09-18,625
2019-09-19,626
2019-09-20,627
2019-09-21,628
2019-09-22,629
2019-09-23,630
2019-09-24,631
2019-09-25,632
2019-09-26,633
2019-09-27,634
2019-09-28,635
2019-09-29,636
2019-09-30,637
2019-10-01,638
2019-10-02,639
2019-10-03,640
2019-10-04,641
2019-10-05,642
2019-10-06,643
2019-10-07,644
2019-10-08,645
2019-10-09,646
2019-10-10,647
2019-10-11,648
2019-10-12,649
2019-10-13,650
2019-10-14,651
2019-10-15,652
2019-10-16,653
2019-10-17,654
2019-10-18,655
2019-10-19,656
2019-10-20,657
2019-10-21,658
2019-10-22,659
2019-10-23,660
2019-10-24,661
2019-10-25,662
2019-10-26,663
2019-10-27,664
2019-10-28,665
2019-10-29,666
2019-10-30,667
2019-10-31,668
2019-11-01,669
2019-11-02,670
2019-11-03,671
2019-11-04,672
2019-11-05,673
2019-11-06,674
2019-11-07,675
2019-11-08,676
2019-11-09,677
2019-11-10,678
2019-11-11,679
2019-11-12,680
2019-11-13,681
2019-11-14,682
2019-11-15,683
2019-11-16,684
2019-11-17,685
2019-11-18,686
2019-11-19,687
2019-11-20,688
2019-11-21,689
2019-11-22,690
2019-11-23,691
2019-11-24,692
2019-11-25,693
2019-11-26,694
2019-11-27,695
2019-11-28,696
2019-11-29,697
2019-11-30,698
2019-12-01,699
2019-12-02,700
2019-12-03,701
2019-12-04,702
2019-12-05,703
2019-12-06,704
2019-12-07,705
2019-12-08,706
2019-12-09,707
2019-12-10,708
2019-12-11,709
2019-12-12,710
2019-12-13,711
2019-12-14,712
2019-12-15,713
2019-12-16,714
2019-12-17,715
2019-12-18,716
2019-12-19,717
2019-12-20,718
2019-12-21,719
2019-12-22,720
2019-12-23,721
2019-12-24,722
2019-12-25,723
2019-12-26,724
2019-12-27,725
2019-12-28,726
2019-12-29,727
2019-12-30,728
2019-12-31,729
2020-01-01,730
2020-01-02,731
2020-01-03,732
2020-01-04,733
2020-01-05,734
2020-01-06,735
2020-01-07,736
2020-01-08,737
2020-01-09,738
2020-01-10,739
2020-01-11,740
2020-01-12,741
2020-01-13,742
2020-01-14,743
2020-01-15,744
2020-01-16,745
2020-01-17,746
2020-01-18,747
2020-01-19,748
2020-01-20,749
2020-01-21,750
2020-01-22,751
2020-01-23,752
2020-01-24,753
2020-01-25,754
2020-01-26,755
2020-01-27,756
2020-01-28,757
2020-01-29,758
2020-01-30,759
2020-01-31,760
2020-02-01,761
2020-02-02,762
2020-02-03,763
2020-02-04,764
2020-02-05,765
2020-02-06,766
2020-02-07,767
2020-02-08,768
2020-02-09,769
2020-02-10,770
2020-02-11,771
2020-02-12,772
2020-02-13,773
2020-02-14,774
2020-02-15,775
2020-02-16,776
2020-02-17,777
2020-02-18,778
2020-02-19,779
2020-02-20,780
2020-02-21,781
2020-02-22,782
2020-02-23,783
2020-02-24,784
2020-02-25,785
2020-02-26,786
2020-02-27,787
2020-02-28,788
2020-02-29,789
2020-03-01,790
2020-03-02,791
2020-03-03,792
2020-03-04,793
2020-03-05,794
2020-03-06,795
2020-03-07,796
2020-03-08,797
2020-03-09,798
2020-03-10,799
2020-03-11,800
2020-03-12,801
2020-03-13,802
2020-03-14,803
2020-03-15,804
2020-03-16,805
2020-03-17,806
2020-03-18,807
2020-03-19,808
2020-03-20,809
2020-03-21,810
2020-03-22,811
2020-03-23,812
2020-03-24,813
2020-03-25,814
2020-03-26,815
2020-03-27,816
2020-03-28,817
2020-03-29,818
2020-03-30,819
2020-03-31,820
2020-04-01,821
2020-04-02,822
2020-04-03,823
2020-04-04,824
2020-04-05,825
2020-04-06,826
2020-04-07,827
2020-04-08,828
2020-04-09,829
2020-04-10,830
2020-04-11,831
2020-04-12,832
2020-04-13,833
2020-04-14,834
2020-04-15,835
2020-04-16,836
2020-04-17,837
2020-04-18,838
2020-04-19,839
2020-04-20,840
2020-04-21,841
2020-04-22,842
2020-04-23,843
2020-04-24,844
2020-04-25,845
2020-04-26,846
2020-04-27,847
2020-04-28,848
2020-04-29,849
2020-04-30,850
2020-05-01,851
2020-05-02,852
2020-05-03,853
2020-05-04,854
2020-05-05,855
2020-05-06,856
2020-05-07,857
2020-05-08,858
2020-05-09,859
2020-05-10,860
2020-05-11,861
2020-05-12,862
2020-05-13,863
2020-05-14,864
2020-05-15,865
2020-05-16,866
2020-05-17,867
2020-05-18,868
2020-05-19,869
2020-05-20,870
2020-05-21,871
2020-05-22,872
2020-05-23,873
2020-05-24,874
2020-05-25,875
2020-05-26,876
2020-05-27,877
2020-05-28,878
2020-05-29,879
2020-05-30,880
2020-05-31,881
2020-06-01,882
2020-06-02,883
2020-06-03,884
2020-06-04,885
2020-06-05,886
2020-06-06,887
2020-06-07,888
2020-06-08,889
2020-06-09,890
2020-06-10,891
2020-06-11,892
2020-06-12,893
2020-06-13,894
2020-06-14,895
2020-06-15,896
2020-06-16,897
2020-06-17,898
2020-06-18,899
2020-06-19,900
2020-06-20,901
2020-06-21,902
2020-06-22,903
2020-06-23,904
2020-06-24,905
2020-06-25,906
2020-06-26,907
2020-06-27,908
2020-06-28,909
2020-06-29,910
2020-06-30,911
2020-07-01,912
2020-07-02,913
2020-07-03,914
2020-07-04,915
2020-07-05,916
2020-07-06,917
2020-07-07,918
2020-07-08,919
2020-07-09,920
2020-07-10,921
2020-07-11,922
2020-07-12,923
2020-07-13,924
2020-07-14,925
2020-07-15,926
2020-07-16,927
2020-07-17,928
2020-07-18,929
2020-07-19,930
2020-07-20,931
2020-07-21,932
2020-07-22,933
2020-07-23,934
2020-07-24,935
2020-07-25,936
2020-07-26,937
2020-07-27,938
2020-07-28,939
2020-07-29,940
2020-07-30,941
2020-07-31,942
2020-08-01,943
2020-08-02,944
2020-08-03,945
2020-08-04,946
2020-08-05,947
2020-08-06,948
2020-08-07,949
2020-08-08,950
2020-08-09,951
2020-08-10,952
2020-08-11,953
2020-08-12,954
2020-08-13,955
2020-08-14,956
2020-08-15,957
2020-08-16,958
2020-08-17,959
2020-08-18,960
2020-08-19,961
2020-08-20,962
2020-08-21,963
2020-08-22,964
2020-08-23,965
2020-08-24,966
2020-08-25,967
2020-08-26,968
2020-08-27,969
2020-08-28,970
2020-08-29,971
2020-08-30,972
2020-08-31,973
2020-09-01,974
2020-09-02,975
2020-09-03,976
2020-09-04,977
2020-09-05,978
2020-09-06,979
2020-09-07,980
2020-09-08,981
2020-09-09,982
2020-09-10,983
2020-09-11,984
2020-09-12,985
2020-09-13,986
2020-09-14,987
2020-09-15,988
2020-09-16,989
2020-09-17,990
2020-09-18,991
2020-09-19,992
2020-09-20,993
2020-09-21,994
2020-09-22,995
2020-09-23,996
2020-09-24,997
2020-09-25,998
2020-09-26,999
2020-09-27,1000
2020-09-28,1001
2020-09-29,1002
2020-09-30,1003
2020-10-01,1004
2020-10-02,1005
2020-10-03,1006
2020-10-04,1007
2020-10-05,1008
2020-10-06,1009
2020-10-07,1010
2020-10-08,1011
2020-10-09,1012
2020-10-10,1013
2020-10-11,1014
2020-10-12,1015
2020-10-13,1016
2020-10-14,1017
2020-10-15,1018
2020-10-16,1019
2020-10-17,1020
2020-10-18,1021
2020-10-19,1022
2020-10-20,1023
2020-10-21,1024
2020-10-22,1025
2020-10-23,1026
2020-10-24,1027
2020-10-25,1028
2020-10-26,1029
2020-10-27,1030
2020-10-28,1031
2020-10-29,1032
2020-10-30,1033
2020-10-31,1034
2020-11-01,1035
2020-11-02,1036
2020-11-03,1037
2020-11-04,1038
2020-11-05,1039
2020-11-06,1040
2020-11-07,1041
2020-11-08,1042
2020-11-09,1043
2020-11-10,1044
2020-11-11,1045
2020-11-12,1046
2020-11-13,1047
2020-11-14,1048
2020-11-15,1049
2020-11-16,1050
2020-11-17,1051
2020-11-18,1052
2020-11-19,1053
2020-11-20,1054
2020-11-21,1055
2020-11-22,1056
2020-11-23,1057
2020-11-24,1058
2020-11-25,1059
2020-11-26,1060
2020-11-27,1061
2020-11-28,1062
2020-11-29,1063
2020-11-30,1064
2020-12-01,1065
2020-12-02,1066
2020-12-03,1067
2020-12-04,1068
2020-12-05,1069
2020-12-06,1070
2020-12-07,1071
2020-12-08,1072
2020-12-09,1073
2020-12-10,1074
2020-12-11,1075
2020-12-12,1076
2020-12-13,1077
2020-12-14,1078
2020-12-15,1079
2020-12-16,1080
2020-12-17,1081
2020-12-18,1082
2020-12-19,1083
2020-12-20,1084
2020-12-21,1085
2020-12-22,1086
2020-12-23,1087
2020-12-24,1088
2020-12-25,1089
2020-12-26,1090
2020-12-27,1091
2020-12-28,1092
2020-12-29,1093
2020-12-30,1094
2020-12-31,1095
2021-01-01,1096
2021-01-02,1097
2021-01-03,1098
2021-01-04,1099
2021-01-05,1100
2021-01-06,1101
2021-01-07,1102
2021-01-08,1103
2021-01-09,1104
2021-01-10,1105
2021-01-11,1106
2021-01-12,1107
2021-01-13,1108
2021-01-14,1109
2021-01-15,1110
2021-01-16,1111
2021-01-17,1112
2021-01-18,1113
2021-01-19,1114
2021-01-20,1115
2021-01-21,1116
2021-01-22,1117
2021-01-23,1118
2021-01-24,1119
2021-01-25,1120
2021-01-26,1121
2021-01-27,1122
2021-01-28,1123
2021-01-29,1124
2021-01-30,1125
2021-01-31,1126
2021-02-01,1127
2021-02-02,1128
2021-02-03,1129
2021-02-04,1130
2021-02-05,1131
2021-02-06,1132
2021-02-07,1133
2021-02-08,1134
2021-02-09,1135
2021-02-10,1136
2021-02-11,1137
2021-02-12,1138
2021-02-13,1139
2021-02-14,1140
2021-02-15,1141
2021-02-16,1142
2021-02-17,1143
2021-02-18,1144
2021-02-19,1145
2021-02-20,1146
2021-02-21,1147
2021-02-22,1148
2021-02-23,1149
2021-02-24,1150
2021-02-25,1151
2021-02-26,1152
2021-02-27,1153
2021-02-28,1154
2021-03-01,1155
2021-03-02,1156
2021-03-03,1157
2021-03-04,1158
2021-03-05,1159
2021-03-06,1160
2021-03-07,1161
2021-03-08,1162
2021-03-09,1163
2021-03-10,1164
2021-03-11,1165
2021-03-12,1166
2021-03-13,1167
2021-03-14,1168
2021-03-15,1169
2021-03-16,1170
2021-03-17,1171
2021-03-18,1172
2021-03-19,1173
2021-03-20,1174
2021-03-21,1175
2021-03-22,1176
2021-03-23,1177
2021-03-24,1178
2021-03-25,1179
2021-03-26,1180
2021-03-27,1181
2021-03-28,1182
2021-03-29,1183
2021-03-30,1184
2021-03-31,1185
2021-04-01,1186
2021-04-02,1187
2021-04-03,1188
2021-04-04,1189
2021-04-05,1190
2021-04-06,1191
2021-04-07,1192
2021-04-08,1193
2021-04-09,1194
2021-04-10,1195
2021-04-11,1196
2021-04-12,1197
2021-04-13,1198
2021-04-14,1199
2021-04-15,1200
2021-04-16,1201
2021-04-17,1202
2021-04-18,1203
2021-04-19,1204
2021-04-20,1205
2021-04-21,1206
2021-04-22,1207
2021-04-23,1208
2021-04-24,1209
2021-04-25,1210
2021-04-26,1211
2021-04-27,1212
2021-04-28,1213
2021-04-29,1214
2021-04-30,1215
2021-05-01,1216
2021-05-02,1217
2021-05-03,1218
2021-05-04,1219
2021-05-05,1220
2021-05-06,1221
2021-05-07,1222
2021-05-08,1223
2021-05-09,1224
2021-05-10,1225
2021-05-11,1226
2021-05-12,1227
2021-05-13,1228
2021-05-14,1229
2021-05-15,1230
2021-05-16,1231
2021-05-17,1232
2021-05-18,1233
2021-05-19,1234
2021-05-20,1235
2021-05-21,1236
2021-05-22,1237
2021-05-23,1238
2021-05-24,1239
2021-05-25,1240
2021-05-26,1241
2021-05-27,1242
2021-05-28,1243
2021-05-29,1244
2021-05-30,1245
2021-05-31,1246
2021-06-01,1247
2021-06-02,1248
2021-06-03,1249
2021-06-04,1250
2021-06-05,1251
2021-06-06,1252
2021-06-07,1253
2021-06-08,1254
2021-06-09,1255
2021-06-10,1256
2021-06-11,1257
2021-06-12,1258
2021-06-13,1259
2021-06-14,1260
2021-06-15,1261
2021-06-16,1262
2021-06-17,1263
2021-06-18,1264
2021-06-19,1265
2021-06-20,1266
2021-06-21,1267
2021-06-22,1268
2021-06-23,1269
2021-06-24,1270
2021-06-25,1271
2021-06-26,1272
2021-06-27,1273
2021-06-28,1274
2021-06-29,1275
2021-06-30,1276
2021-07-01,1277
2021-07-02,1278
2021-07-03,1279
2021-07-04,1280
2021-07-05,1281
2021-07-06,1282
2021-07-07,1283
2021-07-08,1284
2021-07-09,1285
2021-07-10,1286
2021-07-11,1287
2021-07-12,1288
2021-07-13,1289
2021-07-14,1290
2021-07-15,1291
2021-07-16,1292
2021-07-17,1293
2021-07-18,1294
2021-07-19,1295
2021-07-20,1296
2021-07-21,1297
2021-07-22,1298
2021-07-23,1299
2021-07-24,1300
2021-07-25,1301
2021-07-26,1302
2021-07-27,1303
2021-07-28,1304
2021-07-29,1305
2021-07-30,1306
2021-07-31,1307
2021-08-01,1308
2021-08-02,1309
2021-08-03,1310
2021-08-04,1311
2021-08-05,1312
2021-08-06,1313
2021-08-07,1314
2021-08-08,1315
2021-08-09,1316
2021-08-10,1317
2021-08-11,1318
2021-08-12,1319
2021-08-13,1320
2021-08-14,1321
2021-08-15,1322
2021-08-16,1323
2021-08-17,1324
2021-08-18,1325
2021-08-19,1326
2021-08-20,1327
2021-08-21,1328
2021-08-22,1329
2021-08-23,1330
2021-08-24,1331
2021-08-25,1332
2021-08-26,1333
2021-08-27,1334
2021-08-28,1335
2021-08-29,1336
2021-08-30,1337
2021-08-31,1338
2021-09-01,1339
2021-09-02,1340
2021-09-03,1341
2021-09-04,1342
2021-09-05,1343
2021-09-06,1344
2021-09-07,1345
2021-09-08,1346
2021-09-09,1347
2021-09-10,1348
2021-09-11,1349
2021-09-12,1350
2021-09-13,1351
2021-09-14,1352
2021-09-15,1353
2021-09-16,1354
2021-09-17,1355
2021-09-18,1356
2021-09-19,1357
2021-09-20,1358
2021-09-21,1359
2021-09-22,1360
2021-09-23,1361
2021-09-24,1362
2021-09-25,1363
2021-09-26,1364
2021-09-27,1365
2021-09-28,1366
2021-09-29,1367
2021-09-30,1368
2021-10-01,1369
2021-10-02,1370
2021-10-03,1371
2021-10-04,1372
2021-10-05,1373
2021-10-06,1374
2021-10-07,1375
2021-10-08,1376
2021-10-09,1377
2021-10-10,1378
2021-10-11,1379
2021-10-12,1380
2021-10-13,1381
2021-10-14,1382
2021-10-15,1383
2021-10-16,1384
2021-10-17,1385
2021-10-18,1386
2021-10-19,1387
2021-10-20,1388
2021-10-21,1389
2021-10-22,1390
2021-10-23,1391
2021-10-24,1392
2021-10-25,1393
2021-10-26,1394
2021-10-27,1395
2021-10-28,1396
2021-10-29,1397
2021-10-30,1398
2021-10-31,1399
2021-11-01,1400
2021-11-02,1401
2021-11-03,1402
2021-11-04,1403
2021-11-05,1404
2021-11-06,1405
2021-11-07,1406
2021-11-08,1407
2021-11-09,1408
2021-11-10,1409
2021-11-11,1410
2021-11-12,1411
2021-11-13,1412
2021-11-14,1413
2021-11-15,1414
2021-11-16,1415
2021-11-17,1416
2021-11-18,1417
2021-11-19,1418
2021-11-20,1419
2021-11-21,1420
2021-11-22,1421
2021-11-23,1422
2021-11-24,1423
2021-11-25,1424
2021-11-26,1425
2021-11-27,1426
2021-11-28,1427
2021-11-29,1428
2021-11-30,1429
2021-12-01,1430
2021-12-02,1431
2021-12-03,1432
2021-12-04,1433
2021-12-05,1434
2021-12-06,1435
2021-12-07,1436
2021-12-08,1437
2021-12-09,1438
2021-12-10,1439
2021-12-11,1440
2021-12-12,1441
2021-12-13,1442
2021-12-14,1443
2021-12-15,1444
2021-12-16,1445
2021-12-17,1446
2021-12-18,1447
2021-12-19,1448
2021-12-20,1449
2021-12-21,1450
2021-12-22,1451
2021-12-23,1452
2021-12-24,1453
2021-12-25,1454
2021-12-26,1455
2021-12-27,1456
2021-12-28,1457
2021-12-29,1458
2021-12-30,1459
2021-12-31,1460
2022-01-01,1461
2022-01-02,1462
2022-01-03,1463
2022-01-04,1464
2022-01-05,1465
2022-01-06,1466
2022-01-07,1467
2022-01-08,1468
2022-01-09,1469
2022-01-10,1470
2022-01-11,1471
2022-01-12,1472
2022-01-13,1473
2022-01-14,1474
2022-01-15,1475
2022-01-16,1476
2022-01-17,1477
2022-01-18,1478
2022-01-19,1479
2022-01-20,1480
2022-01-21,1481
2022-01-22,1482
2022-01-23,1483
2022-01-24,1484
2022-01-25,1485
2022-01-26,1486
2022-01-27,1487
2022-01-28,1488
2022-01-29,1489
2022-01-30,1490
2022-01-31,1491
2022-02-01,1492
2022-02-02,1493
2022-02-03,1494
2022-02-04,1495
2022-02-05,1496
2022-02-06,1497
2022-02-07,1498
2022-02-08,1499
2022-02-09,1500
2022-02-10,1501
2022-02-11,1502
2022-02-12,1503
2022-02-13,1504
2022-02-14,1505
2022-02-15,1506
2022-02-16,1507
2022-02-17,1508
2022-02-18,1509
2022-02-19,1510
2022-02-20,1511
2022-02-21,1512
2022-02-22,1513
2022-02-23,1514
2022-02-24,1515
2022-02-25,1516
2022-02-26,1517
2022-02-27,1518
2022-02-28,1519
2022-03-01,1520
2022-03-02,1521
2022-03-03,1522
2022-03-04,1523
2022-03-05,1524
2022-03-06,1525
2022-03-07,1526
2022-03-08,1527
2022-03-09,1528
2022-03-10,1529
2022-03-11,1530
2022-03-12,1531
2022-03-13,1532
2022-03-14,1533
2022-03-15,1534
2022-03-16,1535
2022-03-17,1536
2022-03-18,1537
2022-03-19,1538
2022-03-20,1539
2022-03-21,1540
2022-03-22,1541
2022-03-23,1542
2022-03-24,1543
2022-03-25,1544
2022-03-26,1545
2022-03-27,1546
2022-03-28,1547
2022-03-29,1548
2022-03-30,1549
2022-03-31,1550
2022-04-01,1551
2022-04-02,1552
2022-04-03,1553
2022-04-04,1554
2022-04-05,1555
2022-04-06,1556
2022-04-07,1557
2022-04-08,1558
2022-04-09,1559
2022-04-10,1560
2022-04-11,1561
2022-04-12,1562
2022-04-13,1563
2022-04-14,1564
2022-04-15,1565
2022-04-16,1566
2022-04-17,1567
2022-04-18,1568
2022-04-19,1569
2022-04-20,1570
2022-04-21,1571
2022-04-22,1572
2022-04-23,1573
2022-04-24,1574
2022-04-25,1575
2022-04-26,1576
2022-04-27,1577
2022-04-28,1578
2022-04-29,1579
2022-04-30,1580
2022-05-01,1581
2022-05-02,1582
2022-05-03,1583
2022-05-04,1584
2022-05-05,1585
2022-05-06,1586
2022-05-07,1587
2022-05-08,1588
2022-05-09,1589
2022-05-10,1590
2022-05-11,1591
2022-05-12,1592
2022-05-13,1593
2022-05-14,1594
2022-05-15,1595
2022-05-16,1596
2022-05-17,1597
2022-05-18,1598
2022-05-19,1599
2022-05-20,1600
2022-05-21,1601
2022-05-22,1602
2022-05-23,1603
2022-05-24,1604
2022-05-25,1605
2022-05-26,1606
2022-05-27,1607
2022-05-28,1608
2022-05-29,1609
2022-05-30,1610
2022-05-31,1611
2022-06-01,1612
2022-06-02,1613
2022-06-03,1614
2022-06-04,1615
2022-06-05,1616
2022-06-06,1617
2022-06-07,1618
2022-06-08,1619
2022-06-09,1620
2022-06-10,1621
2022-06-11,1622
2022-06-12,1623
2022-06-13,1624
2022-06-14,1625
2022-06-15,1626
2022-06-16,1627
2022-06-17,1628
2022-06-18,1629
2022-06-19,1630
2022-06-20,1631
2022-06-21,1632
2022-06-22,1633
2022-06-23,1634
2022-06-24,1635
2022-06-25,1636
2022-06-26,1637
2022-06-27,1638
2022-06-28,1639
2022-06-29,1640
2022-06-30,1641
2022-07-01,1642
2022-07-02,1643
2022-07-03,1644
2022-07-04,1645
2022-07-05,1646
2022-07-06,1647
2022-07-07,1648
2022-07-08,1649
2022-07-09,1650
2022-07-10,1651
2022-07-11,1652
2022-07-12,1653
2022-07-13,1654
2022-07-14,1655
2022-07-15,1656
2022-07-16,1657
2022-07-17,1658
2022-07-18,1659
2022-07-19,1660
2022-07-20,1661
2022-07-21,1662
2022-07-22,1663
2022-07-23,1664
2022-07-24,1665
2022-07-25,1666
2022-07-26,1667
2022-07-27,1668
2022-07-28,1669
2022-07-29,1670
2022-07-30,1671
2022-07-31,1672
2022-08-01,1673
2022-08-02,1674
2022-08-03,1675
2022-08-04,1676
2022-08-05,1677
2022-08-06,1678
2022-08-07,1679
2022-08-08,1680
2022-08-09,1681
2022-08-10,1682
2022-08-11,1683
2022-08-12,1684
2022-08-13,1685
2022-08-14,1686
2022-08-15,1687
2022-08-16,1688
2022-08-17,1689
2022-08-18,1690
2022-08-19,1691
2022-08-20,1692
2022-08-21,1693
2022-08-22,1694
2022-08-23,1695
2022-08-24,1696
2022-08-25,1697
2022-08-26,1698
2022-08-27,1699
2022-08-28,1700
2022-08-29,1701
2022-08-30,1702
2022-08-31,1703
2022-09-01,1704
2022-09-02,1705
2022-09-03,1706
2022-09-04,1707
2022-09-05,1708
2022-09-06,1709
2022-09-07,1710
2022-09-08,1711
2022-09-09,1712
2022-09-10,1713
2022-09-11,1714
2022-09-12,1715
2022-09-13,1716
2022-09-14,1717
2022-09-15,1718
2022-09-16,1719
2022-09-17,1720
2022-09-18,1721
2022-09-19,1722
2022-09-20,1723
2022-09-21,1724
2022-09-22,1725
2022-09-23,1726
2022-09-24,1727
2022-09-25,1728
2022-09-26,1729
2022-09-27,1730
2022-09-28,1731
2022-09-29,1732
2022-09-30,1733
2022-10-01,1734
2022-10-02,1735
2022-10-03,1736
2022-10-04,1737
2022-10-05,1738
2022-10-06,1739
2022-10-07,1740
2022-10-08,1741
2022-10-09,1742
2022-10-10,1743
2022-10-11,1744
2022-10-12,1745
2022-10-13,1746
2022-10-14,1747
2022-10-15,1748
2022-10-16,1749
2022-10-17,1750
2022-10-18,1751
2022-10-19,1752
2022-10-20,1753
2022-10-21,1754
2022-10-22,1755
2022-10-23,1756
2022-10-24,1757
2022-10-25,1758
2022-10-26,1759
2022-10-27,1760
2022-10-28,1761
2022-10-29,1762
2022-10-30,1763
2022-10-31,1764
2022-11-01,1765
2022-11-02,1766
2022-11-03,1767
2022-11-04,1768
2022-11-05,1769
2022-11-06,1770
2022-11-07,1771
2022-11-08,1772
2022-11-09,1773
2022-11-10,1774
2022-11-11,1775
2022-11-12,1776
2022-11-13,1777
2022-11-14,1778
2022-11-15,1779
2022-11-16,1780
2022-11-17,1781
2022-11-18,1782
2022-11-19,1783
2022-11-20,1784
2022-11-21,1785
2022-11-22,1786
2022-11-23,1787
2022-11-24,1788
2022-11-25,1789
2022-11-26,1790
2022-11-27,1791
2022-11-28,1792
2022-11-29,1793
2022-11-30,1794
2022-12-01,1795
2022-12-02,1796
2022-12-03,1797
2022-12-04,1798
2022-12-05,1799
2022-12-06,1800
2022-12-07,1801
2022-12-08,1802
2022-12-09,1803
2022-12-10,1804
2022-12-11,1805
2022-12-12,1806
2022-12-13,1807
2022-12-14,1808
2022-12-15,1809
2022-12-16,1810
2022-12-17,1811
2022-12-18,1812
2022-12-19,1813
2022-12-20,1814
2022-12-21,1815
2022-12-22,1816
2022-12-23,1817
2022-12-24,1818
2022-12-25,1819
2022-12-26,1820
2022-12-27,1821
2022-12-28,1822
2022-12-29,1823
2022-12-30,1824
2022-12-31,1825
2023-01-01,1826
2023-01-02,1827
2023-01-03,1828
2023-01-04,1829
2023-01-05,1830
2023-01-06,1831
2023-01-07,1832
2023-01-08,1833
2023-01-09,1834
2023-01-10,1835
2023-01-11,1836
2023-01-12,1837
2023-01-13,1838
2023-01-14,1839
2023-01-15,1840
2023-01-16,1841
2023-01-17,1842
2023-01-18,1843
2023-01-19,1844
2023-01-20,1845
2023-01-21,1846
2023-01-22,1847
2023-01-23,1848
2023-01-24,1849
2023-01-25,1850
2023-01-26,1851
2023-01-27,1852
2023-01-28,1853
2023-01-29,1854
2023-01-30,1855
2023-01-31,1856
2023-02-01,1857
2023-02-02,1858
2023-02-03,1859
2023-02-04,1860
2023-02-05,1861
2023-02-06,1862
2023-02-07,1863
2023-02-08,1864
2023-02-09,1865
2023-02-10,1866
2023-02-11,1867
2023-02-12,1868
2023-02-13,1869
2023-02-14,1870
2023-02-15,1871
2023-02-16,1872
2023-02-17,1873
2023-02-18,1874
2023-02-19,1875
2023-02-20,1876
2023-02-21,1877
2023-02-22,1878
2023-02-23,1879
2023-02-24,1880
2023-02-25,1881
2023-02-26,1882
2023-02-27,1883
2023-02-28,1884
2023-03-01,1885
2023-03-02,1886
2023-03-03,1887
2023-03-04,1888
2023-03-05,1889
2023-03-06,1890
2023-03-07,1891
2023-03-08,1892
2023-03-09,1893
2023-03-10,1894
2023-03-11,1895
2023-03-12,1896
2023-03-13,1897
2023-03-14,1898
2023-03-15,1899
2023-03-16,1900
2023-03-17,1901
2023-03-18,1902
2023-03-19,1903
2023-03-20,1904
2023-03-21,1905
2023-03-22,1906
2023-03-23,1907
2023-03-24,1908
2023-03-25,1909
2023-03-26,1910
2023-03-27,1911
2023-03-28,1912
2023-03-29,1913
2023-03-30,1914
2023-03-31,1915
2023-04-01,1916
2023-04-02,1917
2023-04-03,1918
2023-04-04,1919
2023-04-05,1920
2023-04-06,1921
2023-04-07,1922
2023-04-08,1923
2023-04-09,1924
2023-04-10,1925
2023-04-11,1926
2023-04-12,1927
2023-04-13,1928
2023-04-14,1929
2023-04-15,1930
2023-04-16,1931
2023-04-17,1932
2023-04-18,1933
2023-04-19,1934
2023-04-20,1935
2023-04-21,1936
2023-04-22,1937
2023-04-23,1938
2023-04-24,1939
2023-04-25,1940
2023-04-26,1941
2023-04-27,1942
2023-04-28,1943
2023-04-29,1944
2023-04-30,1945
2023-05-01,1946
2023-05-02,1947
2023-05-03,1948
2023-05-04,1949
2023-05-05,1950
2023-05-06,1951
2023-05-07,1952
2023-05-08,1953
2023-05-09,1954
2023-05-10,1955
2023-05-11,1956
2023-05-12,1957
2023-05-13,1958
2023-05-14,1959
2023-05-15,1960
2023-05-16,1961
2023-05-17,1962
2023-05-18,1963
2023-05-19,1964
2023-05-20,1965
2023-05-21,1966
2023-05-22,1967
2023-05-23,1968
2023-05-24,1969
2023-05-25,1970
2023-05-26,1971
2023-05-27,1972
2023-05-28,1973
2023-05-29,1974
2023-05-30,1975
2023-05-31,1976
2023-06-01,1977
2023-06-02,1978
2023-06-03,1979
2023-06-04,1980
2023-06-05,1981
2023-06-06,1982
2023-06-07,1983
2023-06-08,1984
2023-06-09,1985
2023-06-10,1986
2023-06-11,1987
2023-06-12,1988
2023-06-13,1989
2023-06-14,1990
2023-06-15,1991
2023-06-16,1992
2023-06-17,1993
2023-06-18,1994
2023-06-19,1995
2023-06-20,1996
2023-06-21,1997
2023-06-22,1998
2023-06-23,1999
2023-06-24,2000
2023-06-25,2001
2023-06-26,2002
2023-06-27,2003
2023-06-28,2004
2023-06-29,2005
2023-06-30,2006
2023-07-01,2007
2023-07-02,2008
2023-07-03,2009
2023-07-04,2010
2023-07-05,2011
2023-07-06,2012
2023-07-07,2013
2023-07-08,2014
2023-07-09,2015
2023-07-10,2016
2023-07-11,2017
2023-07-12,2018
2023-07-13,2019
2023-07-14,2020
2023-07-15,2021
2023-07-16,2022
2023-07-17,2023
2023-07-18,2024
2023-07-19,2025
2023-07-20,2026
2023-07-21,2027
2023-07-22,2028
2023-07-23,2029
2023-07-24,2030
2023-07-25,2031
2023-07-26,2032
2023-07-27,2033
2023-07-28,2034
2023-07-29,2035
2023-07-30,2036
2023-07-31,2037
2023-08-01,2038
2023-08-02,2039
2023-08-03,2040
2023-08-04,2041
2023-08-05,2042
2023-08-06,2043
2023-08-07,2044
2023-08-08,2045
2023-08-09,2046
2023-08-10,2047
2023-08-11,2048
2023-08-12,2049
2023-08-13,2050
2023-08-14,2051
2023-08-15,2052
2023-08-16,2053
2023-08-17,2054
2023-08-18,2055
2023-08-19,2056
2023-08-20,2057
2023-08-21,2058
2023-08-22,2059
2023-08-23,2060
2023-08-24,2061
2023-08-25,2062
2023-08-26,2063
2023-08-27,2064
2023-08-28,2065
2023-08-29,2066
2023-08-30,2067
2023-08-31,2068
2023-09-01,2069
2023-09-02,2070
2023-09-03,2071
2023-09-04,2072
2023-09-05,2073
2023-09-06,2074
2023-09-07,2075
2023-09-08,2076
2023-09-09,2077
2023-09-10,2078
2023-09-11,2079
2023-09-12,2080
2023-09-13,2081
2023-09-14,2082
2023-09-15,2083
2023-09-16,2084
2023-09-17,2085
2023-09-18,2086
2023-09-19,2087
2023-09-20,2088
2023-09-21,2089
2023-09-22,2090
2023-09-23,2091
2023-09-24,2092
2023-09-25,2093
2023-09-26,2094
2023-09-27,2095
2023-09-28,2096
2023-09-29,2097
2023-09-30,2098
2023-10-01,2099
2023-10-02,2100
2023-10-03,2101
2023-10-04,2102
2023-10-05,2103
2023-10-06,2104
2023-10-07,2105
2023-10-08,2106
2023-10-09,2107
2023-10-10,2108
2023-10-11,2109
2023-10-12,2110
2023-10-13,2111
2023-10-14,2112
2023-10-15,2113
2023-10-16,2114
2023-10-17,2115
2023-10-18,2116
2023-10-19,2117
2023-10-20,2118
2023-10-21,2119
2023-10-22,2120
2023-10-23,2121
2023-10-24,2122
2023-10-25,2123
2023-10-26,2124
2023-10-27,2125
2023-10-28,2126
2023-10-29,2127
2023-10-30,2128
2023-10-31,2129
2023-11-01,2130
2023-11-02,2131
2023-11-03,2132
2023-11-04,2133
2023-11-05,2134
2023-11-06,2135
2023-11-07,2136
2023-11-08,2137
2023-11-09,2138
2023-11-10,2139
2023-11-11,2140
2023-11-12,2141
2023-11-13,2142
2023-11-14,2143
2023-11-15,2144
2023-11-16,2145
2023-11-17,2146
2023-11-18,2147
2023-11-19,2148
2023-11-20,2149
2023-11-21,2150
2023-11-22,2151
2023-11-23,2152
2023-11-24,2153
2023-11-25,2154
2023-11-26,2155
2023-11-27,2156
2023-11-28,2157
2023-11-29,2158
2023-11-30,2159
2023-12-01,2160
2023-12-02,2161
2023-12-03,2162
2023-12-04,2163
2023-12-05,2164
2023-12-06,2165
2023-12-07,2166
2023-12-08,2167
2023-12-09,2168
2023-12-10,2169
2023-12-11,2170
2023-12-12,2171
2023-12-13,2172
2023-12-14,2173
2023-12-15,2174
2023-12-16,2175
2023-12-17,2176
2023-12-18,2177
2023-12-19,2178
2023-12-20,2179
2023-12-21,2180
2023-12-22,2181
2023-12-23,2182
2023-12-24,2183
2023-12-25,2184
2023-12-26,2185
2023-12-27,2186
2023-12-28,2187
2023-12-29,2188
2023-12-30,2189
2023-12-31,2190
2024-01-01,2191
2024-01-02,2192
2024-01-03,2193
2024-01-04,2194
2024-01-05,2195
2024-01-06,2196
2024-01-07,2197
2024-01-08,2198
2024-01-09,2199
2024-01-10,2200
2024-01-11,2201
2024-01-12,2202
2024-01-13,2203
2024-01-14,2204
2024-01-15,2205
2024-01-16,2206
2024-01-17,2207
2024-01-18,2208
2024-01-19,2209
2024-01-20,2210
2024-01-21,2211
2024-01-22,2212
2024-01-23,2213
2024-01-24,2214
2024-01-25,2215
2024-01-26,2216
2024-01-27,2217
2024-01-28,2218
2024-01-29,2219
2024-01-30,2220
2024-01-31,2221
2024-02-01,2222
2024-02-02,2223
2024-02-03,2224
2024-02-04,2225
2024-02-05,2226
2024-02-06,2227
2024-02-07,2228
2024-02-08,2229
2024-02-09,2230
2024-02-10,2231
2024-02-11,2232
2024-02-12,2233
2024-02-13,2234
2024-02-14,2235
2024-02-15,2236
2024-02-16,2237
2024-02-17,2238
2024-02-18,2239
2024-02-19,2240
2024-02-20,2241
2024-02-21,2242
2024-02-22,2243
2024-02-23,2244
2024-02-24,2245
2024-02-25,2246
2024-02-26,2247
2024-02-27,2248
2024-02-28,2249
2024-02-29,2250
2024-03-01,2251
2024-03-02,2252
2024-03-03,2253
2024-03-04,2254
2024-03-05,2255
2024-03-06,2256
2024-03-07,2257
2024-03-08,2258
2024-03-09,2259
2024-03-10,2260
2024-03-11,2261
2024-03-12,2262
2024-03-13,2263
2024-03-14,2264
2024-03-15,2265
2024-03-16,2266
2024-03-17,2267
2024-03-18,2268
2024-03-19,2269
2024-03-20,2270
2024-03-21,2271
2024-03-22,2272
2024-03-23,2273
2024-03-24,2274
2024-03-25,2275
2024-03-26,2276
2024-03-27,2277
2024-03-28,2278
2024-03-29,2279
2024-03-30,2280
2024-03-31,2281
2024-04-01,2282
2024-04-02,2283
2024-04-03,2284
2024-04-04,2285
2024-04-05,2286
2024-04-06,2287
2024-04-07,2288
2024-04-08,2289
2024-04-09,2290
2024-04-10,2291
2024-04-11,2292
2024-04-12,2293
2024-04-13,2294
2024-04-14,2295
2024-04-15,2296
2024-04-16,2297
2024-04-17,2298
2024-04-18,2299
2024-04-19,2300
2024-04-20,2301
2024-04-21,2302
2024-04-22,2303
2024-04-23,2304
2024-04-24,2305
2024-04-25,2306
2024-04-26,2307
2024-04-27,2308
2024-04-28,2309
2024-04-29,2310
2024-04-30,2311
2024-05-01,2312
2024-05-02,2313
2024-05-03,2314
2024-05-04,2315
2024-05-05,2316
2024-05-06,2317
2024-05-07,2318
2024-05-08,2319
2024-05-09,2320
2024-05-10,2321
2024-05-11,2322
2024-05-12,2323
2024-05-13,2324
2024-05-14,2325
2024-05-15,2326
2024-05-16,2327
2024-05-17,2328
2024-05-18,2329
2024-05-19,2330
2024-05-20,2331
2024-05-21,2332
2024-05-22,2333
2024-05-23,2334
2024-05-24,2335
2024-05-25,2336
2024-05-26,2337
2024-05-27,2338
2024-05-28,2339
2024-05-29,2340
2024-05-30,2341
2024-05-31,2342
2024-06-01,2343
2024-06-02,2344
2024-06-03,2345
2024-06-04,2346
2024-06-05,2347
2024-06-06,2348
2024-06-07,2349
2024-06-08,2350
2024-06-09,2351
2024-06-10,2352
2024-06-11,2353
2024-06-12,2354
2024-06-13,2355
2024-06-14,2356
2024-06-15,2357
2024-06-16,2358
2024-06-17,2359
2024-06-18,2360
2024-06-19,2361
2024-06-20,2362
2024-06-21,2363
2024-06-22,2364
2024-06-23,2365
2024-06-24,2366
2024-06-25,2367
2024-06-26,2368
2024-06-27,2369
2024-06-28,2370
2024-06-29,2371
2024-06-30,2372
2024-07-01,2373
2024-07-02,2374
2024-07-03,2375
2024-07-04,2376
2024-07-05,2377
2024-07-06,2378
2024-07-07,2379
2024-07-08,2380
2024-07-09,2381
2024-07-10,2382
2024-07-11,2383
2024-07-12,2384
2024-07-13,2385
2024-07-14,2386
2024-07-15,2387
2024-07-16,2388
2024-07-17,2389
2024-07-18,2390
2024-07-19,2391
2024-07-20,2392
2024-07-21,2393
2024-07-22,2394
2024-07-23,2395
2024-07-24,2396
2024-07-25,2397
2024-07-26,2398
2024-07-27,2399
2024-07-28,2400
2024-07-29,2401
2024-07-30,2402
2024-07-31,2403
2024-08-01,2404
2024-08-02,2405
2024-08-03,2406
2024-08-04,2407
2024-08-05,2408
2024-08-06,2409
2024-08-07,2410
2024-08-08,2411
2024-08-09,2412
2024-08-10,2413
2024-08-11,2414
2024-08-12,2415
2024-08-13,2416
2024-08-14,2417
2024-08-15,2418
2024-08-16,2419
2024-08-17,2420
2024-08-18,2421
2024-08-19,2422
2024-08-20,2423
2024-08-21,2424
2024-08-22,2425
2024-08-23,2426
2024-08-24,2427
2024-08-25,2428
2024-08-26,2429
2024-08-27,2430
2024-08-28,2431
2024-08-29,2432
2024-08-30,2433
2024-08-31,2434
2024-09-01,2435
2024-09-02,2436
2024-09-03,2437
2024-09-04,2438
2024-09-05,2439
2024-09-06,2440
2024-09-07,2441
2024-09-08,2442
2024-09-09,2443
2024-09-10,2444
2024-09-11,2445
2024-09-12,2446
2024-09-13,2447
2024-09-14,2448
2024-09-15,2449
2024-09-16,2450
2024-09-17,2451
2024-09-18,2452
2024-09-19,2453
2024-09-20,2454
2024-09-21,2455
2024-09-22,2456
2024-09-23,2457
2024-09-24,2458
2024-09-25,2459
2024-09-26,2460
2024-09-27,2461
2024-09-28,2462
2024-09-29,2463
2024-09-30,2464
2024-10-01,2465
2024-10-02,2466
2024-10-03,2467
2024-10-04,2468
2024-10-05,2469
2024-10-06,2470
2024-10-07,2471
2024-10-08,2472
2024-10-09,2473
2024-10-10,2474
2024-10-11,2475
2024-10-12,2476
2024-10-13,2477
2024-10-14,2478
2024-10-15,2479
2024-10-16,2480
2024-10-17,2481
2024-10-18,2482
2024-10-19,2483
2024-10-20,2484
2024-10-21,2485
2024-10-22,2486
2024-10-23,2487
2024-10-24,2488
2024-10-25,2489
2024-10-26,2490
2024-10-27,2491
2024-10-28,2492
2024-10-29,2493
2024-10-30,2494
2024-10-31,2495
2024-11-01,2496
2024-11-02,2497
2024-11-03,2498
2024-11-04,2499
2024-11-05,2500
2024-11-06,2501
2024-11-07,2502
2024-11-08,2503
